{"train_loss": 0.9895459413528442, "valid_loss": 1.289405345916748, "epoch": 3999, "_runtime": 280, "_timestamp": 1628954800, "_step": 3999, "_wandb": {"runtime": 279}}