{"train_loss": 1.9407652616500854, "valid_loss": 2.1298940181732178, "epoch": 3999, "_runtime": 1239, "_timestamp": 1629035301, "_step": 3999, "_wandb": {"runtime": 1239}}