{"train_loss": 1.183788537979126, "valid_loss": 1.365099310874939, "epoch": 3999, "_runtime": 279, "_timestamp": 1628966453, "_step": 3999, "_wandb": {"runtime": 278}}