{"train_loss": 0.8880599737167358, "valid_loss": 1.2717540264129639, "epoch": 49999, "_runtime": 3507, "_timestamp": 1629119401, "_step": 49999, "_wandb": {"runtime": 3506}}