{"train_loss": 1.6732611656188965, "valid_loss": 1.8889943361282349, "epoch": 1311, "_runtime": 302, "_timestamp": 1628952348, "_step": 1311, "_wandb": {"runtime": 301}}