{"train_loss": 1.082533359527588, "valid_loss": 1.2742420434951782, "epoch": 4999, "_runtime": 369, "_timestamp": 1628929028, "_step": 4999, "_wandb": {"runtime": 369}}