{"train_loss": 0.8334773778915405, "valid_loss": 1.1988641023635864, "epoch": 49999, "_runtime": 8021, "_timestamp": 1629036648, "_step": 49999, "_wandb": {"runtime": 8021}}