{"train_loss": 1.8410930633544922, "valid_loss": 2.0120656490325928, "epoch": 3999, "_runtime": 1240, "_timestamp": 1629041513, "_step": 3999, "_wandb": {"runtime": 1239}}