{"train_loss": 1.3688749074935913, "valid_loss": 1.6974436044692993, "epoch": 2499, "_runtime": 574, "_timestamp": 1628948033, "_step": 2499, "_wandb": {"runtime": 573}}