{"train_loss": 1.4619687795639038, "valid_loss": 2.0313777923583984, "epoch": 3999, "_runtime": 278, "_timestamp": 1628962193, "_step": 3999, "_wandb": {"runtime": 278}}