{"train_loss": 1.0671645402908325, "valid_loss": 1.300697684288025, "epoch": 3999, "_runtime": 279, "_timestamp": 1628957645, "_step": 3999, "_wandb": {"runtime": 279}}