{"train_loss": 1.3608802556991577, "valid_loss": 1.5354739427566528, "epoch": 4999, "_runtime": 1035, "_timestamp": 1628910716, "_step": 4999, "_wandb": {"runtime": 1034}}