{"train_loss": 1.1739193201065063, "valid_loss": 1.3299263715744019, "epoch": 2499, "_runtime": 186, "_timestamp": 1628946109, "_step": 2499, "_wandb": {"runtime": 186}}