{"train_loss": 2.1152443885803223, "valid_loss": 2.225672960281372, "epoch": 3999, "_runtime": 1240, "_timestamp": 1629011679, "_step": 3999, "_wandb": {"runtime": 1239}}