{"train_loss": 1.0665313005447388, "valid_loss": 1.5273715257644653, "epoch": 4999, "_runtime": 795, "_timestamp": 1628905287, "_step": 4999, "_wandb": {"runtime": 794}}