{"train_loss": 1.6438782215118408, "valid_loss": 1.8941903114318848, "epoch": 2499, "_runtime": 567, "_timestamp": 1628951658, "_step": 2499, "_wandb": {"runtime": 566}}